Felicidad,Tristeza,Miedo,Asco,Enfado,timeBeginMark,timeEndMark,Pitch,Amplitude,Longitud_Onda,Nombre
0,0,0,0,0,0,0,0.24997135744862567,0.007395317365157416,0.007145833333333333,Maria_cadilla_nuevo.wav
0.45732182124629617,0.36766078881919384,0.3463447457179427,0.09798149392008781,0.16036547720432281,1.6,3.0,0.749914072345877,0.017295470694737723,0.007145833333333333,Maria_cadilla_nuevo.wav
0.47009603306651115,0.3665312589146197,0.40065319929271936,0.10415174532681704,0.157192999497056,2.6,3.8,0.24997135744862567,0.01251724862299788,0.007145833333333333,Maria_cadilla_nuevo.wav
0.47009603306651115,0.3665312589146197,0.40065319929271936,0.10415174532681704,0.157192999497056,3.6,4.8,0.49994271489725134,0.0022455247879542184,0.007145833333333333,Maria_cadilla_nuevo.wav
0.47009603306651115,0.3665312589146197,0.40065319929271936,0.10415174532681704,0.157192999497056,4.6,5.8,0.24997135744862567,0.002818177785721104,0.007145833333333333,Maria_cadilla_nuevo.wav
0.7016561022028327,0.3128253361210227,0.34227979462593794,0.09169588051736355,0.1008691880851984,6.3,7.4,0.24997135744862567,0.004267025038623766,0.007145833333333333,Maria_cadilla_nuevo.wav
0,0,0,0,0,0,0,0.24997135744862567,0.0006986356591803848,0.007145833333333333,Maria_cadilla_nuevo.wav
0,0,0,0,0,0,0,0.24997135744862567,0.0007011029251244192,0.007145833333333333,Maria_cadilla_nuevo.wav
0,0,0,0,0,0,0,0.49994271489725134,0.0008511423830864091,0.007145833333333333,Maria_cadilla_nuevo.wav
0,0,0,0,0,0,0,0.24997135744862567,0.00047130930213358296,0.007145833333333333,Maria_cadilla_nuevo.wav
0.5036420952528715,0.39787056390196085,0.2894928464666009,0.10451898910105228,0.16342991031706333,14.2,15.0,0.49994271489725134,0.004097920531650661,0.007145833333333333,Maria_cadilla_nuevo.wav
0,0,0,0,0,0,0,0.24997135744862567,0.000759196516784252,0.007145833333333333,Maria_cadilla_nuevo.wav
0.5633915737271309,0.39475666359066963,0.2868931982666254,0.10642923414707184,0.16233113780617714,14.4,15.7,0.24997135744862567,0.00038284627955067146,0.007145833333333333,Maria_cadilla_nuevo.wav
0,0,0,0,0,0,0,0.24997135744862567,0.0003346250892465193,0.007145833333333333,Maria_cadilla_nuevo.wav
0,0,0,0,0,0,0,0.24997135744862567,0.00017856193593894517,0.007145833333333333,Maria_cadilla_nuevo.wav
0,0,0,0,0,0,0,0.9998854297945027,0.00022958049469716508,0.007145833333333333,Maria_cadilla_nuevo.wav
0,0,0,0,0,0,0,0.49994271489725134,0.00024981353761595196,0.007145833333333333,Maria_cadilla_nuevo.wav
0,0,0,0,0,0,0,0.24997135744862567,0.00020951083424362345,0.007145833333333333,Maria_cadilla_nuevo.wav
0,0,0,0,0,0,0,0.24997135744862567,0.0004141176516121422,0.007145833333333333,Maria_cadilla_nuevo.wav
0,0,0,0,0,0,0,0.24997135744862567,0.00017872213975700661,0.007145833333333333,Maria_cadilla_nuevo.wav
0,0,0,0,0,0,0,0.49994271489725134,0.00020323650256759982,0.007145833333333333,Maria_cadilla_nuevo.wav
0,0,0,0,0,0,0,0.24997135744862567,0.0008833894409009351,0.007145833333333333,Maria_cadilla_nuevo.wav
0.5105915381573141,0.3456252161413431,0.2756951078772545,0.1063700569793582,0.14599042851477861,25.8,27.0,0.24997135744862567,0.000437576703557727,0.007145833333333333,Maria_cadilla_nuevo.wav
0.521646034438163,0.3367045000195503,0.265788309276104,0.10123635735362768,0.13560120854526758,25.8,26.6,0.24997135744862567,0.0002160456560563563,0.007145833333333333,Maria_cadilla_nuevo.wav
0.5125755970366299,0.34223785903304815,0.2805496985092759,0.10349513124674559,0.13991851545870304,25.8,26.8,0.24997135744862567,0.00026230657464228354,0.007145833333333333,Maria_cadilla_nuevo.wav
0.5065388726070523,0.4325610138475895,0.3273281939327717,0.10601211991161108,0.18265896942466497,25.6,26.9,0.49994271489725134,0.00024959675387801957,0.007145833333333333,Maria_cadilla_nuevo.wav
0,0,0,0,0,0,0,0.749914072345877,0.00027327433781748796,0.007145833333333333,Maria_cadilla_nuevo.wav
0,0,0,0,0,0,0,1.2498567872431283,0.00024264346316354486,0.007145833333333333,Maria_cadilla_nuevo.wav
0,0,0,0,0,0,0,0.749914072345877,0.00023086927719782053,0.007145833333333333,Maria_cadilla_nuevo.wav
0,0,0,0,0,0,0,0.24997135744862567,0.0002256796588732549,0.007145833333333333,Maria_cadilla_nuevo.wav
0,0,0,0,0,0,0,0.49994271489725134,0.0003055005754929601,0.007145833333333333,Maria_cadilla_nuevo.wav
0,0,0,0,0,0,0,0.24997135744862567,0.0019807728800334684,0.007145833333333333,Maria_cadilla_nuevo.wav
0.46119377110153437,0.4552445076406002,0.3360693175345659,0.11379618989303708,0.19065929064527154,35.3,36.1,0.24997135744862567,0.00023733734741969437,0.007145833333333333,Maria_cadilla_nuevo.wav
0.42261146660894156,0.4481595391407609,0.355388724245131,0.10508190095424652,0.19262258429080248,35.2,36.3,0.24997135744862567,0.0002915785776251693,0.007145833333333333,Maria_cadilla_nuevo.wav
0.48491636477410793,0.47014137636870146,0.3299627099186182,0.11618725955486298,0.18866639770567417,35.3,36.3,0.49994271489725134,0.0004549445139050727,0.007145833333333333,Maria_cadilla_nuevo.wav
0.4701780900359154,0.3640046436339617,0.2632646420970559,0.0983875566162169,0.15977631276473403,35.4,36.1,0.49994271489725134,0.00039811141478596007,0.007145833333333333,Maria_cadilla_nuevo.wav
0,0,0,0,0,0,0,0.49994271489725134,0.0004434603794948664,0.007145833333333333,Maria_cadilla_nuevo.wav
0,0,0,0,0,0,0,0.749914072345877,0.0011332265005060467,0.007145833333333333,Maria_cadilla_nuevo.wav
0,0,0,0,0,0,0,0.49994271489725134,0.00119890243715802,0.007145833333333333,Maria_cadilla_nuevo.wav
0,0,0,0,0,0,0,0.749914072345877,0.0006298463965442775,0.007145833333333333,Maria_cadilla_nuevo.wav
0.6405207393690944,0.40079715475440025,0.3538469234481454,0.07863573310896754,0.12492879386991262,44.5,45.0,0.24997135744862567,0.005239521496027043,0.007145833333333333,Maria_cadilla_nuevo.wav
0.2982028187252581,0.26945581939071417,0.35889706667512655,0.04955573915503919,0.15976504003629088,45.1,46.0,0.49994271489725134,0.01139101959640216,0.007145833333333333,Maria_cadilla_nuevo.wav
0.3323574645910412,0.20109238103032112,0.2001659655943513,0.04180332995019853,0.16468895424623042,45.1,47.0,0.24997135744862567,0.024832312398848918,0.007145833333333333,Maria_cadilla_nuevo.wav
0.6416538874618709,0.2083624256774783,0.21839363826438785,0.07708163023926318,0.10611945972777903,44.4,47.6,0.24997135744862567,0.002370940219777776,0.007145833333333333,Maria_cadilla_nuevo.wav
0.6656397276092321,0.19623425183817744,0.1994481780566275,0.07614284288138151,0.11795631004497409,44.4,47.6,0.24997135744862567,0.0007411985396327258,0.007145833333333333,Maria_cadilla_nuevo.wav
0.4548924705013633,0.27890034671872854,0.36374196223914623,0.07263210136443377,0.27103867079131305,45.3,47.6,0.24997135744862567,0.0017132933749643342,0.007145833333333333,Maria_cadilla_nuevo.wav
0.49701983854174614,0.31877525709569454,0.2692306786775589,0.10474261734634638,0.19884374924004078,46.6,47.5,0.24997135744862567,0.00025548106554459596,0.007145833333333333,Maria_cadilla_nuevo.wav
0,0,0,0,0,0,0,0.749914072345877,0.0004699381926708682,0.007145833333333333,Maria_cadilla_nuevo.wav
0,0,0,0,0,0,0,0.49994271489725134,0.00025638602639781237,0.007145833333333333,Maria_cadilla_nuevo.wav
0,0,0,0,0,0,0,0.9998854297945027,0.0002999586041280747,0.007145833333333333,Maria_cadilla_nuevo.wav
0,0,0,0,0,0,0,0.49994271489725134,0.0009383849640831163,0.007145833333333333,Maria_cadilla_nuevo.wav
0,0,0,0,0,0,0,0.24997135744862567,0.00034018231811788687,0.007145833333333333,Maria_cadilla_nuevo.wav
0,0,0,0,0,0,0,0.24997135744862567,0.0012755359653142102,0.007145833333333333,Maria_cadilla_nuevo.wav
0,0,0,0,0,0,0,0.24997135744862567,0.0007664770492262949,0.007145833333333333,Maria_cadilla_nuevo.wav
0,0,0,0,0,0,0,0.24997135744862567,0.0007166241003903595,0.007145833333333333,Maria_cadilla_nuevo.wav
0.487327603623271,0.5196880232542753,0.3729580156505108,0.1096625104546547,0.20053044985979795,59.6,60.0,0.24997135744862567,0.0027696266518392777,0.007145833333333333,Maria_cadilla_nuevo.wav
0.5037881201133132,0.2740471726283431,0.1929711615666747,0.08261087210848927,0.11824548989534378,60.2,61.0,0.49994271489725134,0.001495213861507449,0.007145833333333333,Maria_cadilla_nuevo.wav
0.6724185021594167,0.31716845743358135,0.27309724129736423,0.11182130128145218,0.11612410563975573,59.8,61.2,0.24997135744862567,0.00041958174612102546,0.007145833333333333,Maria_cadilla_nuevo.wav
0,0,0,0,0,0,0,0.24997135744862567,0.0005962943451284592,0.007145833333333333,Maria_cadilla_nuevo.wav
0.6421141782775521,0.5395729020237923,0.34930107556283474,0.10310141649097204,0.1778233302757144,59.6,61.3,0.749914072345877,0.010831670985355264,0.007145833333333333,Maria_cadilla_nuevo.wav
0.8232786855660379,0.3049818156287074,0.13368725893087685,0.0782359791919589,0.05462641571648419,63.2,65.0,0.9998854297945027,0.01100025673710798,0.007145833333333333,Maria_cadilla_nuevo.wav
1.3965747109614313,0.32512091379612684,0.15563627140363678,0.10642753494903445,0.05126134923193604,63.4,66.0,0.24997135744862567,0.009025006438691576,0.007145833333333333,Maria_cadilla_nuevo.wav
1.0461877239868045,0.3229448292404413,0.20781341299880296,0.09880456421524286,0.03070998127805069,63.3,67.0,0.24997135744862567,0.004819501732324094,0.007145833333333333,Maria_cadilla_nuevo.wav
0.9790767348604277,0.4169709146954119,0.33934174332534894,0.12975589162670076,0.020835486007854342,63.3,68.0,0.24997135744862567,0.0041469641969136125,0.007145833333333333,Maria_cadilla_nuevo.wav
0.40537022100761533,0.3262648694217205,0.30814678431488574,0.07860066881403327,0.05830464535392821,66.7,67.8,0.24997135744862567,0.0008792360615582751,0.007145833333333333,Maria_cadilla_nuevo.wav
0,0,0,0,0,0,0,0.49994271489725134,0.0012877708961892204,0.007145833333333333,Maria_cadilla_nuevo.wav
0.4288834622129798,0.34289279486984015,0.35908009530976415,0.09739549877122045,0.06902088597416878,66.6,69.5,0.24997135744862567,0.005802273166748874,0.007145833333333333,Maria_cadilla_nuevo.wav
0.5956986425444484,0.25829364033415914,0.5545351933687925,0.06883783987723291,0.05233827489428222,67.5,72.0,0.749914072345877,0.0038142992204529573,0.007145833333333333,Maria_cadilla_nuevo.wav
0.4857570677995682,0.32507328409701586,0.25186959840357304,0.09733061958104372,0.14053304214030504,68.6,69.3,0.49994271489725134,0.0021135754879120835,0.007145833333333333,Maria_cadilla_nuevo.wav
0.5159421795979142,0.32173269148916006,0.3971940614283085,0.1219861174467951,0.0656239720992744,69.8,74.0,0.749914072345877,0.0030610335825165245,0.007145833333333333,Maria_cadilla_nuevo.wav
0.3012725096195936,0.37860744958743453,0.21604576148092747,0.04241304937750101,0.08660565968602896,71.0,75.0,0.24997135744862567,0.001852949781900572,0.007145833333333333,Maria_cadilla_nuevo.wav
0.5118421935476363,0.4986669425852597,0.20349139999598265,0.038413147907704115,0.08924709027633071,71.8,76.0,0.24997135744862567,0.007887257994701911,0.007145833333333333,Maria_cadilla_nuevo.wav
0.44168026838451624,0.21298598498106003,0.1622058623470366,0.06590154860168695,0.2736499710008502,74.8,77.0,0.49994271489725134,0.00957914810778676,0.007145833333333333,Maria_cadilla_nuevo.wav
0.9934495987836272,0.14830857189372182,0.1730044747237116,0.11429165536537766,0.09013085870537907,74.8,78.0,0.24997135744862567,0.006466042721767675,0.007145833333333333,Maria_cadilla_nuevo.wav
1.1358136895578355,0.1652709583286196,0.21234861412085593,0.11310240614693612,0.07235428132116795,74.8,79.0,0.24997135744862567,0.004212984381055586,0.007145833333333333,Maria_cadilla_nuevo.wav
1.1037436128826812,0.10327771562151611,0.14639301580609754,0.09712929255329072,0.03714426828082651,75.4,80.0,0.49994271489725134,0.010496448151505838,0.007145833333333333,Maria_cadilla_nuevo.wav
1.9932018678518943,0.2964462017407641,0.27201123945997097,0.12292527202225756,0.013140447728801519,76.6,81.0,0.749914072345877,0.005695914360521396,0.007145833333333333,Maria_cadilla_nuevo.wav
1.2714454585802741,0.3014593751868233,0.1625644247396849,0.08519188946229406,0.012684435758274049,78.4,82.0,0.49994271489725134,0.0015816562180756446,0.007145833333333333,Maria_cadilla_nuevo.wav
1.2933408304816112,0.28096911450847983,0.20892786741023883,0.09287213196512312,0.01402113726362586,78.8,82.0,0.24997135744862567,0.0033780885405224515,0.007145833333333333,Maria_cadilla_nuevo.wav
0.5667728283442557,0.26048930548131466,0.49040655978024006,0.10236167861148715,0.16379000060260296,83.2,84.0,0.749914072345877,0.008424680774272313,0.007145833333333333,Maria_cadilla_nuevo.wav
0.3567093175370246,0.22582361102104187,0.6790363290347159,0.0762535729445517,0.0792893641628325,81.3,85.0,0.24997135744862567,0.0068000837345941765,0.007145833333333333,Maria_cadilla_nuevo.wav
0.4953182772733271,0.376393030397594,0.6030711522325873,0.1271930132061243,0.24312139861285686,83.2,85.5,0.49994271489725134,0.0005550151613412793,0.007145833333333333,Maria_cadilla_nuevo.wav
0.4574413285590708,0.38031407445669174,0.5823969775810838,0.12526621110737324,0.2543309824541211,83.3,85.2,0.49994271489725134,0.013784850208144345,0.007145833333333333,Maria_cadilla_nuevo.wav
0.676713356282562,0.34973747842013836,0.5729146590456367,0.12900785263627768,0.22821511141955853,83.5,85.6,0.24997135744862567,0.018359657773074297,0.007145833333333333,Maria_cadilla_nuevo.wav
0.9067745259962976,0.19051645742729306,0.13743758911732584,0.07155333209084347,0.03731790417805314,86.0,89.0,0.49994271489725134,0.015599780032147612,0.007145833333333333,Maria_cadilla_nuevo.wav
0.6663824681891128,0.3463842358905822,0.24718068208312616,0.06439740397036076,0.019853780104313046,86.0,90.0,0.24997135744862567,0.006304493064488571,0.007145833333333333,Maria_cadilla_nuevo.wav
0.7288841413683258,0.3934351918287575,0.2982732887612656,0.12416856549680233,0.013452331768348813,86.1,91.0,0.24997135744862567,0.0024555257695935773,0.007145833333333333,Maria_cadilla_nuevo.wav
0.7117427280172706,0.31201155949383974,0.2039881837554276,0.15841627400368452,0.051657426403835416,88.2,90.7,0.749914072345877,0.00982974470513643,0.007145833333333333,Maria_cadilla_nuevo.wav
0.6946457284502685,0.42768766917288303,0.4498577294871211,0.18579830694943666,0.06461850181221962,88.4,93.0,0.9998854297945027,0.004486586755262438,0.007145833333333333,Maria_cadilla_nuevo.wav
0.754280355758965,0.3815148826688528,0.7474194969981909,0.3238108907826245,0.127295998390764,89.5,94.0,0.24997135744862567,0.01634390102000108,0.007145833333333333,Maria_cadilla_nuevo.wav
0.5318400624673814,0.22927232459187508,0.4821683345362544,0.12061505857855082,0.10994646558538079,91.0,95.0,1.499828144691754,0.014874837412077352,0.007145833333333333,Maria_cadilla_nuevo.wav
0.7832635580562055,0.36118580494076014,0.3904280145652592,0.14513202756643295,0.13035689271055162,91.4,95.5,0.49994271489725134,0.00102667920050057,0.007145833333333333,Maria_cadilla_nuevo.wav
0.42421946697868407,0.4361464702524245,0.20786575553938746,0.06352699804119766,0.1149246459826827,92.8,95.5,0.24997135744862567,0.001952199543701573,0.007145833333333333,Maria_cadilla_nuevo.wav
0.5738997324369848,0.33756415732204914,0.11859301151707768,0.07712606783024967,0.09504912863485515,93.8,95.4,0.49994271489725134,0.006292424376861271,0.007145833333333333,Maria_cadilla_nuevo.wav
0.4477357673458755,0.3640579469501972,0.27791832108050585,0.11121088871732354,0.170776535756886,94.6,95.4,0.9998854297945027,0.005937504102143523,0.007145833333333333,Maria_cadilla_nuevo.wav
0.8580633560195565,0.3201821343973279,0.3915309915319085,0.1013287054374814,0.1782393055036664,97.3,100.0,0.24997135744862567,0.001764285550950929,0.007145833333333333,Maria_cadilla_nuevo.wav
0.8546016262844205,0.3154133502393961,0.33102413453161716,0.09158440865576267,0.1476227529346943,97.4,100.1,0.749914072345877,0.0004941838008620743,0.007145833333333333,Maria_cadilla_nuevo.wav
1.0861628791317344,0.23862570291385055,0.24870019080117345,0.10273551475256681,0.09826261992566288,98.4,100.1,0.749914072345877,0.002359342448730751,0.007145833333333333,Maria_cadilla_nuevo.wav
0.676222515758127,0.31986666237935424,0.4319667909294367,0.09980784263461828,0.13150267582386732,98.6,100.0,0.49994271489725134,0.005058500081829663,0.007145833333333333,Maria_cadilla_nuevo.wav
0.40906663960777223,0.2137723509222269,0.3270625484874472,0.05162154696881771,0.04248619009740651,102.6,104.0,0.49994271489725134,0.013908871644245467,0.007145833333333333,Maria_cadilla_nuevo.wav
0.8810698541346937,0.5731322874780744,0.2886045123450458,0.13179483683779836,0.03260007477365434,102.4,105.0,0.49994271489725134,0.012768521636468258,0.007145833333333333,Maria_cadilla_nuevo.wav
0.8334364474285394,0.5160133088938892,0.33291696291416883,0.11108150269137695,0.02355877950321883,102.5,106.0,0.749914072345877,0.007019672628666272,0.007145833333333333,Maria_cadilla_nuevo.wav
1.1210756043437868,0.6594887687824667,0.6845946584071498,0.13539666464203037,0.00908017682377249,102.5,107.0,0.24997135744862567,0.011759395561445847,0.007145833333333333,Maria_cadilla_nuevo.wav
1.104480269481428,0.263757461681962,0.42539438838139176,0.1128797180717811,0.023991701134946197,103.9,108.0,0.24997135744862567,0.009166850231687318,0.007145833333333333,Maria_cadilla_nuevo.wav
1.901214950485155,0.2460258969804272,0.3758618213760201,0.33701514918357134,0.019164233992341906,104.6,109.0,0.49994271489725134,0.0074433618226781495,0.007145833333333333,Maria_cadilla_nuevo.wav
1.751295804278925,0.24445136787835509,0.250523836715729,0.17793321306817234,0.01682515870197676,105.5,110.0,0.24997135744862567,0.005467948141796502,0.007145833333333333,Maria_cadilla_nuevo.wav
1.1461731677409261,0.2337781300302595,0.13455272314604372,0.1349977571517229,0.03179486293811351,106.8,108.4,0.49994271489725134,0.002873177123279906,0.007145833333333333,Maria_cadilla_nuevo.wav
1.5171020730631426,0.26990641781594604,0.09342510945862159,0.23728782357648015,0.03361888858489692,107.9,111.5,0.24997135744862567,0.0002578078352831082,0.007145833333333333,Maria_cadilla_nuevo.wav
0.9260787992971018,0.2942526009865105,0.09295451248181053,0.08644731913227588,0.026219777762889862,108.5,111.5,0.24997135744862567,0.003815216578030189,0.007145833333333333,Maria_cadilla_nuevo.wav
1.13306281901896,0.6426966516301036,0.15765487775206566,0.10209346748888493,0.16526806796900928,110.2,111.3,0.49994271489725134,0.04027052624475205,0.007145833333333333,Maria_cadilla_nuevo.wav
1.104208686389029,0.6211447576060891,0.18523111008107662,0.10072565078735352,0.2170079560019076,110.1,111.4,0.24997135744862567,0.028447088253441978,0.007145833333333333,Maria_cadilla_nuevo.wav
1.8126573325134814,0.6255608056671917,0.12751449673669413,0.2405528809176758,0.015394910878967494,113.2,116.0,0.24997135744862567,0.025161518848241277,0.007145833333333333,Maria_cadilla_nuevo.wav
2.0661548193893395,0.9192224533180706,0.18650712887756526,0.1939658410847187,0.01035531098023057,113.2,117.0,0.49994271489725134,0.0281938128511782,0.007145833333333333,Maria_cadilla_nuevo.wav
2.436552779050544,0.7075491975119803,0.23700948085752316,0.25446031853789464,0.005697010783478618,113.5,118.0,0.49994271489725134,0.02788512107284509,0.007145833333333333,Maria_cadilla_nuevo.wav
2.123084415332414,0.40405588038265705,0.31831985351163894,0.20997791609261185,0.01227333300630562,114.4,119.0,0.749914072345877,0.04913456599005804,0.007145833333333333,Maria_cadilla_nuevo.wav
1.569209380511893,0.46758963758475147,0.25837252516066656,0.07536948996130377,0.006519322996609844,115.5,120.0,0.49994271489725134,0.02649837775182165,0.007145833333333333,Maria_cadilla_nuevo.wav
1.8389651216566563,0.5179576049122261,0.1829316112853121,0.1259886568877846,0.008783268858678639,116.6,121.0,0.749914072345877,0.06294957011684642,0.007145833333333333,Maria_cadilla_nuevo.wav
2.0192270668339916,0.4846092016377952,0.22062739171087742,0.1610083112900611,0.010206891267444007,117.4,122.0,0.24997135744862567,0.04101908605446531,0.007145833333333333,Maria_cadilla_nuevo.wav
1.3782120438991114,0.5298286263714544,0.25738726355484687,0.1160112856887281,0.013760995905613527,118.4,123.0,0.24997135744862567,0.027475856579753117,0.007145833333333333,Maria_cadilla_nuevo.wav
0.9706347266910598,0.23422553535783663,0.3711414876161143,0.1545187623705715,0.025026318326126784,119.3,124.0,0.24997135744862567,0.022664286366814307,0.007145833333333333,Maria_cadilla_nuevo.wav
0.9943725903285667,0.4621288988564629,0.5953954118303955,0.05146901122498093,0.004288367337721866,120.1,125.0,0.49994271489725134,0.0346763332031494,0.007145833333333333,Maria_cadilla_nuevo.wav
0.813057673687581,0.2234826723288279,0.595810816535959,0.03268155051773647,0.0030849417016725056,121.4,126.0,0.24997135744862567,0.05417469714660983,0.007145833333333333,Maria_cadilla_nuevo.wav
1.0629164954880252,0.157685968617443,0.4195477334433235,0.04195643603452481,0.006568904333107639,122.5,127.0,0.49994271489725134,0.045539211828690106,0.007145833333333333,Maria_cadilla_nuevo.wav
1.3813631284792791,0.3352320626145229,0.4532414155473816,0.058333047869382426,0.001611959849469713,123.5,128.0,0.749914072345877,0.033391095847698,0.007145833333333333,Maria_cadilla_nuevo.wav
1.675404852227075,0.2616645612870343,0.49912644756841473,0.11958120414055884,0.005081523398985155,124.3,129.0,0.24997135744862567,0.02032681094458715,0.007145833333333333,Maria_cadilla_nuevo.wav
1.1073547790874727,0.20388636528514326,0.37535569799365476,0.12645998212974519,0.014503382320981473,125.3,130.0,0.749914072345877,0.04165841467342345,0.007145833333333333,Maria_cadilla_nuevo.wav
1.2826620360574452,0.28157052188180387,0.4998046832042746,0.14094949478749186,0.018431931966915727,126.4,131.0,1.2498567872431283,0.05650381733578211,0.007145833333333333,Maria_cadilla_nuevo.wav
1.705825769866351,0.24650343344546854,0.5309244699892588,0.1736562189180404,0.027852709172293544,127.9,132.0,0.749914072345877,0.05134812375901462,0.007145833333333333,Maria_cadilla_nuevo.wav
1.4288294706202578,0.171894560335204,0.26851821067975834,0.24223982321564108,0.017758979607606307,128.4,133.0,0.749914072345877,0.04122333988306406,0.007145833333333333,Maria_cadilla_nuevo.wav
1.7956995074637234,0.25398583215428516,0.30719574111572,0.24185424495954067,0.008093356402241625,129.4,134.0,0.24997135744862567,0.05227869195287578,0.007145833333333333,Maria_cadilla_nuevo.wav
2.142075443873182,0.18760221876436844,0.22586063598282635,0.23540464538382366,0.00814164723851718,130.4,135.0,0.49994271489725134,0.05509172080695629,0.007145833333333333,Maria_cadilla_nuevo.wav
2.336448290050612,0.4097111778683029,0.1974382364860503,0.2657474981970154,0.005307408893713728,131.5,136.0,0.9998854297945027,0.04725326474139899,0.007145833333333333,Maria_cadilla_nuevo.wav
2.8786335826152936,0.4614243131072726,0.31892102044366766,0.28550894957152195,0.00757022644393146,132.3,137.0,0.749914072345877,0.030679283702295813,0.007145833333333333,Maria_cadilla_nuevo.wav
2.7635641364904586,0.3377404783386737,0.45100917166564614,0.17648930073482916,0.016436110716313124,133.4,138.0,0.24997135744862567,0.026505787019474644,0.007145833333333333,Maria_cadilla_nuevo.wav
2.1907825004018378,0.26074823873932473,0.2782737811212428,0.27034771686885506,0.011894529074197635,134.4,139.0,0.49994271489725134,0.06483596069751137,0.007145833333333333,Maria_cadilla_nuevo.wav
2.2743453221046366,0.2480052667669952,0.3068591862975154,0.29795790830394253,0.021011923847254366,135.3,140.0,0.49994271489725134,0.020193989423757792,0.007145833333333333,Maria_cadilla_nuevo.wav
1.8597613803576678,0.31828226323705167,0.5524387068580836,0.295241461135447,0.03919537225738168,136.4,141.0,0.49994271489725134,0.04994445096309048,0.007145833333333333,Maria_cadilla_nuevo.wav
1.272641386371106,0.23076347156893462,0.6216315666679293,0.27411118010059,0.034322741674259305,137.3,142.0,0.749914072345877,0.055516771574489324,0.007145833333333333,Maria_cadilla_nuevo.wav
2.115412889746949,0.2944517481373623,0.6372647258103825,0.5623069871217012,0.03977830719668418,138.4,143.0,0.24997135744862567,0.06845730331932136,0.007145833333333333,Maria_cadilla_nuevo.wav
1.826353934011422,0.4379958596546203,0.9321155976504087,0.2524593497510068,0.0273373931995593,139.4,144.0,0.49994271489725134,0.05947246814694105,0.007145833333333333,Maria_cadilla_nuevo.wav
2.6702919693198055,0.8196606838610023,0.8096783217333723,0.43200033181346953,0.017807930533308536,140.3,145.0,0.49994271489725134,0.05054387977220685,0.007145833333333333,Maria_cadilla_nuevo.wav
1.8421974993107142,0.7523914345074445,0.6827437738975277,0.1495931387762539,0.007489458075724542,141.4,146.0,0.24997135744862567,0.03232635727407504,0.007145833333333333,Maria_cadilla_nuevo.wav
1.9750820969929919,0.5758795101428404,0.4990991970116738,0.24832855607382953,0.009335340582765639,142.3,147.0,0.24997135744862567,0.0653059270212098,0.007145833333333333,Maria_cadilla_nuevo.wav
1.871736511675408,0.40852696949150413,0.4385593060287647,0.32328030630014837,0.019804128271061927,143.9,148.0,0.24997135744862567,0.031417139894414824,0.007145833333333333,Maria_cadilla_nuevo.wav
1.9821594501845539,0.38992675533518195,0.4755901290336624,0.44050904258619994,0.04159460845403373,144.5,149.0,0.749914072345877,0.043860793617031824,0.007145833333333333,Maria_cadilla_nuevo.wav
2.044000814203173,0.23493428598158062,0.22740281175356358,0.5428315954050049,0.02730119216721505,145.4,150.0,0.24997135744862567,0.06413809681386719,0.007145833333333333,Maria_cadilla_nuevo.wav
3.1415373063646257,0.18119803781155497,0.35931005579186603,0.980438090278767,0.03385713422903791,146.6,151.0,0.9998854297945027,0.043836198039785695,0.007145833333333333,Maria_cadilla_nuevo.wav
3.611190897412598,0.25435557460878044,0.5032074413902592,1.0753176379366778,0.03584304795367643,147.4,152.0,0.49994271489725134,0.04067528500546105,0.007145833333333333,Maria_cadilla_nuevo.wav
3.22331558202859,0.14078303863061592,0.5257141003094148,0.9035371969803236,0.03465303831035271,148.5,153.0,0.49994271489725134,0.044930897429236255,0.007145833333333333,Maria_cadilla_nuevo.wav
2.745709912618622,0.2266810013097711,0.5050935969629791,0.6437795959063806,0.01918721612310037,149.5,154.0,0.49994271489725134,0.06030454452742221,0.007145833333333333,Maria_cadilla_nuevo.wav
2.9590818791184574,0.4446859566960484,0.4598342016688548,0.5566872910130769,0.029473977454472333,150.1,155.0,0.24997135744862567,0.03866048295906949,0.007145833333333333,Maria_cadilla_nuevo.wav
1.8324780855327845,0.24806462577544153,0.4084806597675197,0.21138910856097937,0.019967244064901024,151.4,156.0,0.749914072345877,0.05903449935725322,0.007145833333333333,Maria_cadilla_nuevo.wav
1.5905173962237313,0.4043613506946713,0.42595263879047707,0.1829274295596406,0.02105402620509267,152.5,157.0,0.749914072345877,0.05323655360078032,0.007145833333333333,Maria_cadilla_nuevo.wav
1.6863492931297515,0.3004302902845666,0.31085733795771375,0.2168327773688361,0.018473000382073224,153.3,158.0,0.749914072345877,0.03962540406450443,0.007145833333333333,Maria_cadilla_nuevo.wav
1.4853316403459758,0.37909811071585864,0.38081421941751614,0.1729354722192511,0.00841185984609183,154.4,159.0,0.49994271489725134,0.039960972099438004,0.007145833333333333,Maria_cadilla_nuevo.wav
0.9009090276522329,0.26011305913561955,0.43403231317643076,0.0817044983850792,0.004809856996871531,155.4,160.0,0.24997135744862567,0.03615167146061388,0.007145833333333333,Maria_cadilla_nuevo.wav
1.6989880873625225,0.40279079088941216,0.41966456423688214,0.1025649676885223,0.003924762349925004,156.4,161.0,0.49994271489725134,0.0491819260848401,0.007145833333333333,Maria_cadilla_nuevo.wav
1.925324241979979,0.33331055972666945,0.4380885581631446,0.2505499245162355,0.005246161723334808,157.3,162.0,0.24997135744862567,0.04288508116334038,0.007145833333333333,Maria_cadilla_nuevo.wav
2.1088174676988274,0.2223315784940496,0.3136566102912184,0.20189944742014632,0.0070940016594249755,158.5,163.0,0.49994271489725134,0.09031324286047546,0.007145833333333333,Maria_cadilla_nuevo.wav
2.4352724448253866,0.2692807776329573,0.3585325827880297,0.2349168591608759,0.007370808394625783,159.5,164.0,0.49994271489725134,0.054719531259953894,0.007145833333333333,Maria_cadilla_nuevo.wav
2.7888562454027124,0.28937500109896064,0.5260824757278897,0.38565473520429805,0.010033978061983362,160.4,165.0,0.24997135744862567,0.04729950913101957,0.007145833333333333,Maria_cadilla_nuevo.wav
2.5742037729360163,0.6733350977301598,0.5454613835900091,0.34006119560217485,0.017341438040602952,161.8,166.0,0.24997135744862567,0.04652257465042343,0.007145833333333333,Maria_cadilla_nuevo.wav
2.1966738200280815,0.6388753862120211,0.48981830809498206,0.24788220116170123,0.015545449801720679,162.4,167.0,0.24997135744862567,0.055432641206950246,0.007145833333333333,Maria_cadilla_nuevo.wav
1.5115135591477156,0.444237710442394,0.40955980494618416,0.15596267679939047,0.0281784464023076,163.6,167.6,0.749914072345877,0.0078026641804034335,0.007145833333333333,Maria_cadilla_nuevo.wav
1.2970256954431534,0.44230610597878695,0.4150021215900779,0.13069465989246964,0.04396221193019301,164.4,167.7,0.49994271489725134,0.00032926541329762266,0.007145833333333333,Maria_cadilla_nuevo.wav
0.8299878099933267,0.3634082209318876,0.7134607015177608,0.12664664164185524,0.09611711627803743,165.1,167.7,0.24997135744862567,0.0002571741719670257,0.007145833333333333,Maria_cadilla_nuevo.wav
0.447125680744648,0.4429952744394541,0.6940744314342737,0.3218624172732234,0.20162232406437397,166.4,167.7,0.24997135744862567,0.00020647347792718162,0.007145833333333333,Maria_cadilla_nuevo.wav
0.5749429962597787,0.2847824040800333,0.3257366078905761,0.08650749269872904,0.10871661826968193,171.5,172.0,0.49994271489725134,0.0060324102425679165,0.007145833333333333,Maria_cadilla_nuevo.wav
0.7000931380316615,0.313619626685977,0.23583747050724924,0.10335718840360641,0.10990853677503765,171.6,172.5,0.24997135744862567,0.00032889955100677185,0.007145833333333333,Maria_cadilla_nuevo.wav
0.620847703423351,0.4114499716088176,0.28467627544887364,0.08396341628395021,0.09207349736243486,171.3,172.2,0.24997135744862567,0.00026547346083146355,0.007145833333333333,Maria_cadilla_nuevo.wav
0.5932876465376467,0.40223895758390427,0.2757524570915848,0.07635975978337228,0.08705744612962008,171.3,172.4,0.24997135744862567,0.004703804855332523,0.007145833333333333,Maria_cadilla_nuevo.wav
0.6178996753878891,0.3989844871684909,0.2834491962566972,0.08390254760161042,0.08790861489251256,171.3,172.5,0.24997135744862567,0.018305250935350546,0.007145833333333333,Maria_cadilla_nuevo.wav
1.7648332971148193,0.19586942298337817,0.17686535650864244,0.10318369138985872,0.10541627835482359,174.9,177.0,0.49994271489725134,0.07657023048336084,0.007145833333333333,Maria_cadilla_nuevo.wav
1.4204616607166827,0.2244836138561368,0.29363050521351397,0.10109257767908275,0.17774802423082292,174.9,178.0,0.49994271489725134,0.11065366079899448,0.007145833333333333,Maria_cadilla_nuevo.wav
1.698301938828081,0.32310779159888625,0.2733279191888869,0.09006896242499352,0.15124192484654486,174.9,179.0,0.49994271489725134,0.0998534410971313,0.007145833333333333,Maria_cadilla_nuevo.wav
1.048183724284172,0.2211107248440385,0.1917529907077551,0.08942005899734795,0.102788244956173,175.9,180.0,0.9998854297945027,0.06052693905443105,0.007145833333333333,Maria_cadilla_nuevo.wav
0.6411535893566906,0.34188386891037226,0.2699510846287012,0.11102309031412005,0.13680596253834665,178.9,181.0,0.49994271489725134,0.04720905246092301,0.007145833333333333,Maria_cadilla_nuevo.wav
0.4459583507850766,0.414892022497952,0.5994208646006882,0.09758845996111631,0.3151453626342118,180.3,182.0,0.49994271489725134,0.028875597071246234,0.007145833333333333,Maria_cadilla_nuevo.wav
0.44289671536535025,0.3614674969576299,0.3876166264526546,0.0714345802552998,0.28907599695958197,179.9,183.0,0.24997135744862567,0.02253604813735921,0.007145833333333333,Maria_cadilla_nuevo.wav
0.5425642812624574,0.357118321582675,0.405607501976192,0.0809411855880171,0.24701627437025309,180.3,184.0,0.49994271489725134,0.05249667499439065,0.007145833333333333,Maria_cadilla_nuevo.wav
1.0406124284490943,0.4639131538569927,0.47050357796251774,0.1591461906209588,0.21604187693446875,180.6,185.0,0.24997135744862567,0.03091735293322957,0.007145833333333333,Maria_cadilla_nuevo.wav
0.6627296004444361,0.35606885701417923,0.38852306734770536,0.10218099318444729,0.30833535827696323,183.3,186.0,0.9998854297945027,0.05997863767273892,0.007145833333333333,Maria_cadilla_nuevo.wav
0.5697252182289958,0.27483316976577044,0.30270576383918524,0.06718732044100761,0.20201658410951495,183.4,187.0,0.24997135744862567,0.02505583502774327,0.007145833333333333,Maria_cadilla_nuevo.wav
0.47324827359989285,0.31376686226576567,0.4269511215388775,0.07628196477890015,0.17662583757191896,183.4,188.0,0.49994271489725134,0.027531979569091376,0.007145833333333333,Maria_cadilla_nuevo.wav
0.625753122381866,0.2657113904133439,0.2354724328033626,0.08524304698221385,0.07881436846219003,184.6,189.0,0.24997135744862567,0.025798314880055764,0.007145833333333333,Maria_cadilla_nuevo.wav
0.7488067946396768,0.24077329598367214,0.3009861595928669,0.10469435667619109,0.11148641398176551,185.9,190.0,0.24997135744862567,0.016613908185310746,0.007145833333333333,Maria_cadilla_nuevo.wav
0.9189272192306817,0.17677329806610942,0.25660443073138595,0.13463558489456773,0.07123217871412635,186.8,191.0,0.749914072345877,0.017325872071064993,0.007145833333333333,Maria_cadilla_nuevo.wav
0.754639352671802,0.2924292739480734,0.37593164201825857,0.10347248427569866,0.15791180450469255,187.5,189.9,0.24997135744862567,0.01643180619000325,0.007145833333333333,Maria_cadilla_nuevo.wav
0,0,0,0,0,0,0,0.24997135744862567,0.017244433381961115,0.007145833333333333,Maria_cadilla_nuevo.wav
0.5850227768532932,0.413305819965899,0.3248515911400318,0.11238142475485802,0.17740114964544773,193.0,194.0,0.24997135744862567,0.030212819135267365,0.007145833333333333,Maria_cadilla_nuevo.wav
0,0,0,0,0,0,0,0.24997135744862567,0.016573084183800275,0.007145833333333333,Maria_cadilla_nuevo.wav
0.5288990261033177,0.3567379154264927,0.30800888407975435,0.10930900927633047,0.15958667919039726,192.8,193.7,0.24997135744862567,0.0036948553541611704,0.007145833333333333,Maria_cadilla_nuevo.wav
0.574616321362555,0.3394095078110695,0.26534635480493307,0.09922770969569683,0.1458643926307559,192.8,194.4,0.24997135744862567,0.0034794265145908234,0.007145833333333333,Maria_cadilla_nuevo.wav
0.43419469334185123,0.66232530772686,0.4896154087036848,0.11674049776047468,0.2543213590979576,195.2,198.0,0.24997135744862567,0.008058502208026763,0.007145833333333333,Maria_cadilla_nuevo.wav
0.49321102630347013,0.6723444499075413,0.4799000062048435,0.09693748876452446,0.23365115094929934,195.2,199.0,0.24997135744862567,0.008082824580547456,0.007145833333333333,Maria_cadilla_nuevo.wav
0.4996245810762048,0.6188772162422538,0.5141756180673838,0.08975547272711992,0.19943688716739416,196.0,200.0,7.7720207253886,0.020099337484799383,0.007145833333333333,Maria_cadilla_nuevo.wav
